preference_weight,zone_sequence,path_cost,preference_inconsistency,travel_increase_vs_w0
0.0,S → A → B → C → D,3.9,0.31666666666666665,0.0
0.25,S → A → B → C → D,3.9,0.31666666666666665,0.0
0.5,S → B → A → C → D,5.2,0.21666666666666665,0.3333333333333335
1.0,S → B → A → C → D,5.2,0.21666666666666665,0.3333333333333335
2.0,S → B → A → C → D,5.2,0.21666666666666665,0.3333333333333335
4.0,S → B → A → C → D,5.2,0.21666666666666665,0.3333333333333335
